location_slug,location_name,threat_type,interval_count,total_duration_minutes,total_duration_hours,mean_duration_minutes,median_duration_minutes,max_duration_minutes,first_start_kyiv,last_end_kyiv
Єланецька_територіальна_громада,Єланецька територіальна громада,air_raid,2,134.81,2.247,67.41,67.41,130.98,2022-05-04T19:55:16+03:00,2022-10-12T11:10:56+03:00
ІваноФранківська_область,Івано-Франківська область,air_raid,738,49317.23,821.954,66.83,46.33,333.2,2022-03-15T18:17:28+02:00,2025-11-03T00:07:26+02:00
ІваноФранківський_район,Івано-Франківський район,air_raid,17,1251.29,20.855,73.61,37.77,340.5,2025-11-06T16:44:05+02:00,2026-05-13T17:58:51+03:00
Ізмаїльський_район,Ізмаїльський район,air_raid,645,41631.59,693.86,64.55,39.63,646.62,2022-03-16T11:42:20+02:00,2026-06-20T12:02:36+03:00
Ізюмський_район,Ізюмський район,air_raid,1747,241384.43,4023.074,138.17,83.93,1039.93,2022-03-16T02:07:30+02:00,2026-06-20T07:19:23+03:00
Інгульська_територіальна_громада,Інгульська територіальна громада,air_raid,1,129.68,2.161,129.68,129.68,129.68,2022-05-04T19:55:41+03:00,2022-05-04T22:05:22+03:00
Авдіївська_територіальна_громада,Авдіївська територіальна громада,air_raid,12,349.92,5.832,29.16,16.49,89.57,2022-04-09T09:03:26+03:00,2022-05-26T15:41:26+03:00
Авдіївська_територіальна_громада,Авдіївська територіальна громада,artillery_shelling,1,30.97,0.516,30.97,30.97,30.97,2022-06-16T08:26:01+03:00,2022-06-16T08:56:59+03:00
Арбузинська_територіальна_громада,Арбузинська територіальна громада,air_raid,216,11670.46,194.508,54.03,37.39,598.45,2022-04-16T01:42:39+03:00,2023-11-28T22:57:13+02:00
Бахмутська_територіальна_громада,Бахмутська територіальна громада,air_raid,27,1018.8,16.98,37.73,21.23,130.95,2022-03-22T02:32:45+02:00,2022-04-27T10:30:30+03:00
Бахмутський_район,Бахмутський район,air_raid,705,222587.45,3709.791,315.73,208.97,1438.92,2022-03-26T11:16:01+02:00,2026-06-18T13:56:02+03:00
Баштанський_район,Баштанський район,air_raid,691,45605.39,760.09,66.0,39.62,580.18,2022-04-30T13:39:03+03:00,2026-06-20T11:49:21+03:00
Бердичівський_район,Бердичівський район,air_raid,198,17402.28,290.038,87.89,39.36,484.03,2025-01-24T03:32:51+02:00,2026-06-18T02:38:36+03:00
Бердянський_район,Бердянський район,air_raid,1154,213238.36,3553.973,184.78,110.9,1357.72,2022-03-24T06:49:13+02:00,2026-06-20T13:46:02+03:00
Берегівський_район,Берегівський район,air_raid,77,3859.08,64.318,50.12,34.5,365.3,2025-11-06T16:44:00+02:00,2026-06-11T23:44:12+03:00
Березанська_територіальна_громада,Березанська територіальна громада,air_raid,1,129.4,2.157,129.4,129.4,129.4,2022-05-04T19:54:36+03:00,2022-05-04T22:04:00+03:00
Березнегуватська_територіальна_громада,Березнегуватська територіальна громада,air_raid,1,131.77,2.196,131.77,131.77,131.77,2022-05-04T19:53:53+03:00,2022-05-04T22:05:39+03:00
Березівський_район,Березівський район,air_raid,440,27832.89,463.882,63.26,32.92,646.62,2022-03-16T11:42:15+02:00,2026-06-19T23:59:00+03:00
Бериславський_район,Бериславський район,air_raid,906,78266.61,1304.444,86.39,48.6,751.35,2025-08-13T10:41:06+03:00,2026-06-20T14:20:03+03:00
Благодатненська_територіальна_громада,Благодатненська територіальна громада,air_raid,1,125.53,2.092,125.53,125.53,125.53,2022-05-04T19:56:06+03:00,2022-05-04T22:01:38+03:00
Богодухівський_район,Богодухівський район,air_raid,1742,203844.13,3397.402,117.02,62.78,1108.78,2022-04-30T15:44:37+03:00,2026-06-20T12:57:01+03:00
Болградський_район,Болградський район,air_raid,645,41645.88,694.098,64.57,39.58,646.62,2022-03-16T11:42:42+02:00,2026-06-20T12:02:45+03:00
Бориспільський_район,Бориспільський район,air_raid,562,45341.43,755.691,80.68,35.24,755.83,2025-07-24T00:32:14+03:00,2026-06-20T13:03:04+03:00
Бородянська_територіальна_громада,Бородянська територіальна громада,air_raid,2,265.66,4.428,132.83,132.83,179.43,2022-03-27T20:21:02+03:00,2022-03-28T16:16:35+03:00
Братська_територіальна_громада,Братська територіальна громада,air_raid,1,134.43,2.24,134.43,134.43,134.43,2022-05-04T19:52:07+03:00,2022-05-04T22:06:33+03:00
Броварський_район,Броварський район,air_raid,621,51021.2,850.353,82.16,37.85,755.83,2025-07-24T00:28:29+03:00,2026-06-18T22:30:02+03:00
Бузька_територіальна_громада,Бузька територіальна громада,air_raid,1,134.25,2.237,134.25,134.25,134.25,2022-05-04T19:52:14+03:00,2022-05-04T22:06:29+03:00
Бучанський_район,Бучанський район,air_raid,467,37299.22,621.654,79.87,34.73,777.7,2025-07-27T07:29:35+03:00,2026-06-19T11:54:29+03:00
БілгородДністровський_район,Білгород-Дністровський район,air_raid,647,41721.52,695.359,64.48,39.62,646.62,2022-03-16T11:42:24+02:00,2026-06-20T12:02:41+03:00
Біленьківська_територіальна_громада,Біленьківська територіальна громада,artillery_shelling,31,1421.46,23.691,45.85,39.88,227.52,2025-04-22T14:10:40+03:00,2026-01-27T18:42:19+02:00
Білоцерківський_район,Білоцерківський район,air_raid,397,31422.02,523.7,79.15,30.65,683.68,2025-07-24T04:41:47+03:00,2026-06-18T02:39:04+03:00
Вараський_район,Вараський район,air_raid,147,12065.42,201.09,82.08,49.88,432.97,2022-03-16T19:41:18+02:00,2026-06-18T02:35:04+03:00
Василівський_район,Василівський район,air_raid,1153,212795.85,3546.598,184.56,110.83,1357.72,2025-11-04T15:31:02+02:00,2026-06-20T13:46:02+03:00
Великоновосілківська_територіальна_громада,Великоновосілківська територіальна громада,air_raid,26,1344.04,22.401,51.69,48.41,186.9,2022-03-23T07:07:26+02:00,2022-05-13T10:03:02+03:00
Верховинський_район,Верховинський район,air_raid,15,1141.81,19.03,76.12,44.62,290.23,2025-11-06T16:44:05+02:00,2026-05-13T17:58:42+03:00
Веселинівська_територіальна_громада,Веселинівська територіальна громада,air_raid,1,134.12,2.235,134.12,134.12,134.12,2022-05-04T19:52:19+03:00,2022-05-04T22:06:26+03:00
Веснянська_територіальна_громада,Веснянська територіальна громада,air_raid,1,127.9,2.132,127.9,127.9,127.9,2022-05-04T19:56:21+03:00,2022-05-04T22:04:15+03:00
Вижницький_район,Вижницький район,air_raid,88,5448.73,90.812,61.92,36.86,365.25,2025-11-06T11:05:10+02:00,2026-06-15T03:53:22+03:00
Вишгородська_територіальна_громада,Вишгородська територіальна громада,air_raid,1,89.2,1.487,89.2,89.2,89.2,2022-03-15T19:43:26+02:00,2022-03-15T21:12:38+02:00
Вишгородський_район,Вишгородський район,air_raid,652,62700.37,1045.006,96.17,50.19,930.27,2025-07-25T23:27:14+03:00,2026-06-19T11:54:22+03:00
Вознесенський_район,Вознесенський район,air_raid,456,29016.4,483.607,63.63,33.94,511.5,2022-03-21T06:13:35+02:00,2026-06-19T23:26:49+03:00
Волинська_область,Волинська область,air_raid,796,51458.57,857.643,64.65,43.33,486.2,2022-03-15T18:19:13+02:00,2025-11-03T00:07:13+02:00
Волноваська_територіальна_громада,Волноваська територіальна громада,air_raid,1,22.0,0.367,22.0,22.0,22.0,2022-05-12T08:56:15+03:00,2022-05-12T09:18:15+03:00
Волноваський_район,Волноваський район,air_raid,600,217951.1,3632.518,363.25,252.86,1438.93,2022-03-26T16:55:04+02:00,2026-06-18T13:56:02+03:00
ВолодимирВолинський_район,ВолодимирВолинський район,air_raid,80,4340.29,72.338,54.25,35.08,365.77,2025-11-06T16:41:50+02:00,2026-06-11T23:43:08+03:00
Володимирівська_територіальна_громада,Володимирівська територіальна громада,air_raid,1,129.93,2.166,129.93,129.93,129.93,2022-05-04T19:55:33+03:00,2022-05-04T22:05:29+03:00
Воскресенська_територіальна_громада,Воскресенська територіальна громада,air_raid,1,128.33,2.139,128.33,128.33,128.33,2022-05-04T19:56:24+03:00,2022-05-04T22:04:44+03:00
Врадіївська_територіальна_громада,Врадіївська територіальна громада,air_raid,1,127.47,2.124,127.47,127.47,127.47,2022-05-04T19:54:18+03:00,2022-05-04T22:01:46+03:00
Вугледарська_територіальна_громада,Вугледарська територіальна громада,air_raid,9,530.21,8.837,58.91,24.55,186.75,2022-03-23T07:07:28+02:00,2022-04-26T18:53:40+03:00
Вільнозапорізька_територіальна_громада,Вільнозапорізька територіальна громада,air_raid,1,130.27,2.171,130.27,130.27,130.27,2022-05-04T19:55:30+03:00,2022-05-04T22:05:46+03:00
Вінницька_область,Вінницька область,air_raid,1477,118169.36,1969.489,80.01,47.33,704.28,2022-03-15T18:10:34+02:00,2025-11-03T00:07:36+02:00
Вінницький_район,Вінницький район,air_raid,203,17623.62,293.727,86.82,40.43,567.57,2022-06-09T13:17:58+03:00,2026-06-18T02:38:29+03:00
Гайсинський_район,Гайсинський район,air_raid,197,17009.89,283.498,86.34,37.78,514.3,2022-06-09T13:18:02+03:00,2026-06-18T02:38:29+03:00
Галицинівська_територіальна_громада,Галицинівська територіальна громада,air_raid,1,127.7,2.128,127.7,127.7,127.7,2022-05-04T19:56:28+03:00,2022-05-04T22:04:10+03:00
Генічеський_район,Генічеський район,air_raid,380,30493.51,508.225,80.25,34.58,864.23,2025-10-14T11:33:13+03:00,2026-06-19T23:26:29+03:00
Голованівський_район,Голованівський район,air_raid,557,33833.8,563.897,60.74,28.1,668.32,2022-03-17T14:56:20+02:00,2026-06-20T12:07:28+03:00
Горлівський_район,Горлівський район,air_raid,579,217175.97,3619.599,375.09,263.47,1439.07,2025-11-05T02:20:49+02:00,2026-06-18T13:56:02+03:00
Горохівська_територіальна_громада,Горохівська територіальна громада,air_raid,1,129.78,2.163,129.78,129.78,129.78,2022-05-04T19:55:38+03:00,2022-05-04T22:05:25+03:00
Гостомелська_територіальна_громада,Гостомелська територіальна громада,air_raid,1,61.48,1.025,61.48,61.48,61.48,2022-03-23T14:05:39+02:00,2022-03-23T15:07:08+02:00
Гребінківська_територіальна_громада,Гребінківська територіальна громада,air_raid,1,11.57,0.193,11.57,11.57,11.57,2022-03-15T18:46:43+02:00,2022-03-15T18:58:17+02:00
Дергачівська_територіальна_громада,Дергачівська територіальна громада,artillery_shelling,7,458.17,7.636,65.45,41.43,150.42,2022-07-20T00:01:34+03:00,2022-10-07T18:42:25+03:00
Дніпровський_район,Дніпровський район,air_raid,1294,109451.72,1824.195,84.58,45.29,907.5,2025-05-02T00:54:37+03:00,2026-06-20T13:43:42+03:00
Дніпропетровська_область,Дніпропетровська область,air_raid,5542,323683.98,5394.733,58.41,33.2,774.45,2022-03-15T21:23:40+02:00,2025-11-04T03:50:54+02:00
Дністровський_район,Дністровський район,air_raid,100,6756.07,112.601,67.56,41.07,410.75,2025-11-06T11:05:15+02:00,2026-06-15T03:53:22+03:00
Добропільська_територіальна_громада,Добропільська територіальна громада,air_raid,14,1682.32,28.039,120.17,40.39,1182.83,2022-03-24T11:17:17+02:00,2022-05-14T23:54:37+03:00
Доманівська_територіальна_громада,Доманівська територіальна громада,air_raid,1,131.23,2.187,131.23,131.23,131.23,2022-05-04T19:55:09+03:00,2022-05-04T22:06:23+03:00
Донецька_область,Донецька область,air_raid,6851,731335.94,12188.932,106.75,60.27,1424.1,2022-03-22T15:19:54+02:00,2025-11-04T23:37:04+02:00
Донецький_район,Донецький район,air_raid,580,217217.18,3620.286,374.51,263.0,1439.05,2022-03-18T16:13:55+02:00,2026-06-18T13:56:02+03:00
Дорошівська_територіальна_громада,Дорошівська територіальна громада,air_raid,1,131.12,2.185,131.12,131.12,131.12,2022-05-04T19:55:12+03:00,2022-05-04T22:06:19+03:00
Дрогобицький_район,Дрогобицький район,air_raid,78,4407.81,73.464,56.51,36.54,366.12,2025-09-03T04:42:46+03:00,2026-06-11T23:43:34+03:00
Дружківська_територіальна_громада,Дружківська територіальна громада,air_raid,5,139.15,2.319,27.83,17.73,67.17,2022-03-17T17:08:36+02:00,2022-03-28T13:15:44+03:00
Дубенський_район,Дубенський район,air_raid,112,8008.82,133.48,71.51,38.59,396.4,2025-08-21T02:35:25+03:00,2026-06-18T02:35:04+03:00
Дубровицька_територіальна_громада,Дубровицька територіальна громада,air_raid,1,11.07,0.184,11.07,11.07,11.07,2022-03-16T19:46:43+02:00,2022-03-16T19:57:47+02:00
Жашківська_територіальна_громада,Жашківська територіальна громада,air_raid,3,206.46,3.441,68.82,83.0,92.68,2022-03-15T20:04:36+02:00,2022-03-22T14:32:03+02:00
Житомирська_область,Житомирська область,air_raid,1460,137369.27,2289.488,94.09,57.97,835.87,2022-03-15T18:11:25+02:00,2025-11-03T00:07:07+02:00
Житомирський_район,Житомирський район,air_raid,273,25193.95,419.899,92.29,41.87,611.57,2022-03-15T20:41:43+02:00,2026-06-19T11:54:22+03:00
Жмеринський_район,Жмеринський район,air_raid,176,13822.45,230.374,78.54,34.95,476.12,2022-06-09T13:17:56+03:00,2026-06-18T02:38:29+03:00
Закарпатська_область,Закарпатська область,air_raid,663,42099.04,701.651,63.5,43.43,332.85,2022-03-17T04:21:31+02:00,2025-11-03T00:07:14+02:00
Запорізька_область,Запорізька область,air_raid,6679,439262.29,7321.038,65.77,40.13,1024.47,2022-03-16T22:42:47+02:00,2025-11-04T12:47:04+02:00
Запорізький_район,Запорізький район,air_raid,1160,213177.68,3552.961,183.77,109.81,1357.72,2022-03-17T20:13:04+02:00,2026-06-20T13:46:02+03:00
Звенигородський_район,Звенигородський район,air_raid,656,65450.18,1090.836,99.77,41.42,596.82,2022-03-18T08:11:14+02:00,2026-06-20T12:37:28+03:00
Звягельський_район,Звягельський район,air_raid,193,16517.11,275.285,85.58,37.9,463.48,2025-01-30T02:12:59+02:00,2026-06-18T02:38:36+03:00
Золотоніський_район,Золотоніський район,air_raid,809,94651.19,1577.52,117.0,48.33,691.52,2022-03-18T08:11:28+02:00,2026-06-20T06:26:24+03:00
Золочівська_територіальна_громада,Золочівська територіальна громада,artillery_shelling,1,72.05,1.201,72.05,72.05,72.05,2022-07-30T14:55:36+03:00,2022-07-30T16:07:39+03:00
Золочівський_район,Золочівський район,air_raid,87,5527.39,92.123,63.53,40.27,366.12,2025-09-03T04:43:03+03:00,2026-06-11T23:43:34+03:00
Казанківська_територіальна_громада,Казанківська територіальна громада,air_raid,1,129.52,2.159,129.52,129.52,129.52,2022-05-04T19:55:45+03:00,2022-05-04T22:05:16+03:00
Калуський_район,Івано-Франківська область,air_raid,80,4782.14,79.702,59.78,37.48,366.57,2025-11-07T23:26:55+02:00,2026-06-11T23:42:51+03:00
Кальміуський_район,Кальміуський район,air_raid,579,217177.33,3619.622,375.09,263.47,1438.93,2025-11-05T02:20:41+02:00,2026-06-18T13:56:02+03:00
КамянецьПодільський_район,Кам’янець-Подільський район,air_raid,145,11246.25,187.438,77.56,40.42,411.18,2025-07-26T12:16:15+03:00,2026-06-18T02:35:26+03:00
Камяномостівська_територіальна_громада,Кам'яномостівська територіальна громада,air_raid,1,127.47,2.124,127.47,127.47,127.47,2022-05-04T19:54:23+03:00,2022-05-04T22:01:51+03:00
Камянський_район,Кам’янський район,air_raid,987,81942.72,1365.712,83.02,42.9,907.28,2025-05-02T00:54:19+03:00,2026-06-20T13:43:36+03:00
КаміньКаширський_район,КаміньКаширський район,air_raid,101,7035.08,117.251,69.65,44.75,428.25,2025-11-06T16:41:51+02:00,2026-06-11T23:43:08+03:00
Каховський_район,Каховський район,air_raid,380,30471.63,507.861,80.19,34.58,864.23,2025-10-14T11:33:02+03:00,2026-06-19T23:26:29+03:00
Київська_область,Київська область,air_raid,1940,197934.1,3298.902,102.03,47.25,951.43,2022-03-15T20:06:20+02:00,2025-11-04T03:37:03+02:00
Коблівська_територіальна_громада,Коблівська територіальна громада,air_raid,1,126.45,2.107,126.45,126.45,126.45,2022-05-04T19:56:32+03:00,2022-05-04T22:02:59+03:00
Ковельський_район,Ковельський район,air_raid,96,5959.21,99.32,62.08,42.36,410.87,2025-11-06T16:41:51+02:00,2026-06-11T23:43:08+03:00
Коломийський_район,Коломийський район,air_raid,12,1181.88,19.698,98.49,50.7,354.85,2025-11-07T23:26:55+02:00,2026-05-13T17:59:09+03:00
Конотопський_район,Конотопський район,air_raid,1509,207607.68,3460.128,137.58,79.87,1432.32,2022-04-13T14:56:44+03:00,2026-06-20T04:19:10+03:00
Коростенський_район,Коростенський район,air_raid,328,34588.19,576.47,105.45,61.78,750.2,2022-03-16T12:08:31+02:00,2026-06-19T11:54:16+03:00
Корюківський_район,Корюківський район,air_raid,1192,219600.92,3660.015,184.23,110.32,1411.88,2025-08-27T09:25:16+03:00,2026-06-20T11:58:53+03:00
Костянтинівська_територіальна_громада,Костянтинівська територіальна громада,air_raid,5,174.69,2.911,34.94,8.9,127.5,2022-03-18T16:43:51+02:00,2022-05-04T22:04:06+03:00
Косівський_район,Косівський район,air_raid,16,1185.59,19.76,74.1,47.77,290.2,2025-11-06T16:42:07+02:00,2026-05-13T17:58:59+03:00
Краматорський_район,Краматорський район,air_raid,903,231354.92,3855.915,256.21,117.63,1438.8,2022-03-15T19:14:32+02:00,2026-06-18T13:56:02+03:00
Красноградський_район,Красноградський район,air_raid,1180,112351.54,1872.526,95.21,44.55,1031.77,2022-04-23T11:06:57+03:00,2026-06-20T12:57:11+03:00
Кременецький_район,Кременецький район,air_raid,94,6289.41,104.823,66.91,41.16,366.45,2025-11-06T11:07:19+02:00,2026-06-18T02:35:56+03:00
Кременчуцький_район,Кременчуцький район,air_raid,894,62832.13,1047.202,70.28,32.05,645.1,2022-04-10T09:55:04+03:00,2026-06-20T06:26:27+03:00
Кривоозерська_територіальна_громада,Кривоозерська територіальна громада,air_raid,639,35769.78,596.163,55.98,37.0,520.33,2022-04-25T11:29:25+03:00,2023-04-01T21:40:47+03:00
Криворізький_район,Криворізький район,air_raid,1213,103941.4,1732.357,85.69,47.7,745.23,2022-06-25T12:27:18+03:00,2026-06-20T12:57:36+03:00
Кропивницький_район,Кропивницький район,air_raid,732,50571.54,842.859,69.09,34.02,668.28,2022-03-16T11:54:13+02:00,2026-06-20T12:07:23+03:00
Купянський_район,Куп’янський район,air_raid,1709,215506.87,3591.781,126.1,77.63,1054.63,2022-03-21T12:22:23+02:00,2026-06-20T06:36:26+03:00
Курахівська_територіальна_громада,Курахівська територіальна громада,air_raid,14,654.31,10.905,46.74,32.11,131.45,2022-03-23T07:08:05+02:00,2022-05-13T20:47:33+03:00
Куцурубська_територіальна_громада,Куцурубська територіальна громада,air_raid,1,126.22,2.104,126.22,126.22,126.22,2022-05-04T19:56:41+03:00,2022-05-04T22:02:54+03:00
Кіровоградська_область,Кіровоградська область,air_raid,3339,232104.71,3868.412,69.51,34.05,805.28,2022-03-15T18:15:11+02:00,2025-11-03T04:47:14+02:00
Лиманська_територіальна_громада,Лиманська територіальна громада,air_raid,20,545.9,9.098,27.29,26.52,71.4,2022-03-31T09:58:58+03:00,2022-05-24T09:53:27+03:00
Липецька_територіальна_громада,Липецька територіальна громада,artillery_shelling,2,605.18,10.086,302.59,302.59,530.95,2022-10-07T17:28:16+03:00,2026-01-06T20:47:19+02:00
Лозівський_район,Лозівський район,air_raid,1381,164082.39,2734.707,118.81,62.92,1279.62,2022-03-21T00:37:49+02:00,2026-06-20T09:27:28+03:00
Лубенський_район,Лубенський район,air_raid,978,68805.15,1146.752,70.35,31.98,716.05,2025-08-03T21:16:26+03:00,2026-06-19T23:20:00+03:00
Луцький_район,Луцький район,air_raid,97,5984.4,99.74,61.69,41.2,365.77,2025-11-06T16:41:51+02:00,2026-06-11T23:43:08+03:00
Львівська_область,Львівська область,air_raid,743,48620.51,810.342,65.44,44.82,334.1,2022-03-15T18:17:29+02:00,2025-11-03T00:07:33+02:00
Львівський_район,Львівський район,air_raid,84,4968.22,82.804,59.15,37.54,366.12,2025-09-03T04:42:40+03:00,2026-06-11T23:43:34+03:00
Макарівська_територіальна_громада,Макарівська територіальна громада,air_raid,8,1089.32,18.155,136.16,111.4,329.12,2022-03-16T17:35:56+02:00,2023-10-29T17:56:02+02:00
Маріупольський_район,Маріупольський район,air_raid,582,217398.72,3623.312,373.54,261.78,1438.92,2022-03-18T00:26:43+02:00,2026-06-18T13:56:02+03:00
Марїнська_територіальна_громада,Мар'їнська територіальна громада,air_raid,3,263.73,4.396,87.91,74.68,131.38,2022-03-23T07:08:15+02:00,2022-05-13T20:47:39+03:00
Мелітопольський_район,Мелітопольський район,air_raid,1152,212766.51,3546.109,184.69,110.88,1357.72,2025-11-04T15:31:02+02:00,2026-06-20T13:46:02+03:00
Мигіївська_територіальна_громада,Мигіївська територіальна громада,air_raid,1,127.62,2.127,127.62,127.62,127.62,2022-05-04T19:56:13+03:00,2022-05-04T22:03:50+03:00
Миколаївська_область,Миколаївська область,air_raid,3675,251957.38,4199.29,68.56,39.03,593.88,2022-03-17T12:50:49+02:00,2025-11-04T09:47:00+02:00
Миколаївський_район,Миколаївський район,air_raid,952,55660.42,927.674,58.47,33.24,602.53,2022-03-18T17:53:49+02:00,2026-06-19T23:58:39+03:00
Миргородський_район,Миргородський район,air_raid,1103,90098.26,1501.638,81.68,38.42,676.97,2025-08-03T20:59:19+03:00,2026-06-20T10:38:08+03:00
Миронівська_територіальна_громада,Миронівська територіальна громада,air_raid,5,407.54,6.792,81.51,83.35,144.02,2022-03-16T13:37:48+02:00,2022-03-22T14:35:59+02:00
Мирівська_територіальна_громада,Мирівська територіальна громада,air_raid,2,1327.52,22.125,663.76,663.76,1197.42,2024-08-27T09:10:42+03:00,2024-11-15T08:22:10+02:00
Мирівська_територіальна_громада,Мирівська територіальна громада,artillery_shelling,309,108466.2,1807.77,351.02,233.73,1422.65,2024-01-29T22:02:18+02:00,2025-02-15T08:01:38+02:00
МогилівПодільський_район,МогилівПодільський район,air_raid,173,13753.43,229.224,79.5,34.97,476.08,2022-06-09T13:17:50+03:00,2026-06-18T02:38:29+03:00
Мостівська_територіальна_громада,Мостівська територіальна громада,air_raid,1,130.87,2.181,130.87,130.87,130.87,2022-05-04T19:55:20+03:00,2022-05-04T22:06:12+03:00
Мукачівський_район,Мукачівський район,air_raid,77,3859.48,64.325,50.12,33.2,365.3,2025-11-06T16:44:00+02:00,2026-06-11T23:44:12+03:00
МішковоПогорілівська_територіальна_громада,Мішково-Погорілівська територіальна громада,air_raid,1,125.78,2.096,125.78,125.78,125.78,2022-05-04T19:57:01+03:00,2022-05-04T22:02:48+03:00
Надвірнянський_район,Надвірнянський район,air_raid,14,1161.13,19.352,82.94,50.67,322.97,2025-11-06T16:42:08+02:00,2026-05-13T17:59:30+03:00
НовгородСіверський_район,Новгород-Сіверський район,air_raid,1093,224505.37,3741.756,205.4,120.7,1403.42,2025-08-27T08:18:26+03:00,2026-06-20T06:26:29+03:00
Новобузька_територіальна_громада,Новобузька територіальна громада,air_raid,1,131.13,2.185,131.13,131.13,131.13,2022-05-04T19:54:03+03:00,2022-05-04T22:05:11+03:00
НовоградВолинський_район,Новоград-Волинський район,air_raid,5,644.82,10.747,128.96,120.1,238.03,2022-03-20T14:04:04+02:00,2025-01-27T06:13:29+02:00
Новомарївська_територіальна_громада,Новомар'ївська територіальна громада,air_raid,1,130.72,2.179,130.72,130.72,130.72,2022-05-04T19:55:25+03:00,2022-05-04T22:06:08+03:00
Новомосковський_район,Новомосковський район,air_raid,1037,98713.82,1645.23,95.19,45.68,901.2,2025-05-02T00:54:28+03:00,2026-06-20T12:57:20+03:00
Новоукраїнський_район,Новоукраїнський район,air_raid,600,38100.94,635.016,63.5,29.66,668.28,2022-03-23T21:48:10+02:00,2026-06-20T12:07:35+03:00
Ніжинський_район,Ніжинський район,air_raid,1144,141606.91,2360.115,123.78,70.67,1264.85,2022-03-15T18:54:51+02:00,2026-06-20T11:58:06+03:00
Нікопольський_район,Нікопольський район,air_raid,1216,127151.21,2119.187,104.57,56.64,933.02,2025-05-02T00:54:52+03:00,2026-06-20T12:57:41+03:00
Обухівський_район,Обухівський район,air_raid,473,37200.0,620.0,78.65,32.3,697.63,2025-07-24T04:42:13+03:00,2026-06-20T13:02:58+03:00
Одеська_область,Одеська область,air_raid,2385,142599.1,2376.652,59.79,35.25,1352.55,2022-03-16T02:55:03+02:00,2025-11-04T09:58:01+02:00
Одеський_район,Одеський район,air_raid,866,47849.85,797.497,55.25,34.01,693.25,2022-03-16T05:41:19+02:00,2026-06-19T23:27:10+03:00
Олександрівська_територіальна_громада,Олександрівська територіальна громада,air_raid,1,132.23,2.204,132.23,132.23,132.23,2022-05-04T19:53:49+03:00,2022-05-04T22:06:03+03:00
Олександрійський_район,Олександрійський район,air_raid,728,51837.9,863.965,71.21,36.1,676.55,2025-08-27T20:53:42+03:00,2026-06-20T10:22:10+03:00
Олешківська_територіальна_громада,Олешківська територіальна громада,air_raid,3,6.5,0.108,2.17,1.83,3.12,2022-03-28T17:00:11+03:00,2022-04-09T14:03:01+03:00
Оріхівська_територіальна_громада,Оріхівська територіальна громада,air_raid,8,900.3,15.005,112.54,101.8,211.75,2022-10-28T09:24:43+03:00,2023-01-04T14:58:36+02:00
Оріхівська_територіальна_громада,Оріхівська територіальна громада,artillery_shelling,52,3939.06,65.651,75.75,44.14,469.42,2022-05-26T15:25:38+03:00,2023-01-13T12:35:27+02:00
Охтирський_район,Охтирський район,air_raid,1389,170055.95,2834.266,122.43,69.2,1123.8,2022-03-16T21:15:32+02:00,2026-06-20T12:57:32+03:00
Очеретинська_територіальна_громада,Очеретинська територіальна громада,air_raid,1,74.6,1.243,74.6,74.6,74.6,2022-04-09T09:18:36+03:00,2022-04-09T10:33:12+03:00
Павлоградський_район,Павлоградський район,air_raid,1423,172464.85,2874.414,121.2,65.67,1267.4,2022-03-25T14:03:34+02:00,2026-06-20T13:43:48+03:00
Первомайська_територіальна_громада,Первомайська територіальна громада,air_raid,23,1076.77,17.946,46.82,38.68,129.02,2022-03-21T10:38:18+02:00,2023-11-07T12:14:11+02:00
Первомайський_район,Первомайський район,air_raid,427,27618.11,460.302,64.68,33.45,658.18,2022-03-21T06:15:06+02:00,2026-06-19T23:26:49+03:00
Подільський_район,Подільський район,air_raid,442,27910.08,465.168,63.14,32.88,646.62,2022-03-16T11:42:09+02:00,2026-06-19T23:58:54+03:00
Покровська_територіальна_громада,Покровська територіальна громада,air_raid,6,199.23,3.321,33.2,38.35,57.38,2022-03-18T16:44:35+02:00,2022-04-13T05:06:50+03:00
Покровська_територіальна_громада,Покровська територіальна громада,artillery_shelling,2539,435239.36,7253.989,171.42,68.43,1437.82,2024-02-02T12:09:12+02:00,2026-06-18T23:44:53+03:00
Покровський_район,Покровський район,air_raid,672,220966.86,3682.781,328.82,219.97,1438.8,2022-03-18T16:13:58+02:00,2026-06-18T13:56:02+03:00
Пологівський_район,Пологівський район,air_raid,1161,213656.51,3560.942,184.03,110.3,1357.72,2022-03-24T06:49:01+02:00,2026-06-20T13:46:02+03:00
Полтавська_область,Полтавська область,air_raid,3987,314689.06,5244.818,78.93,34.58,1180.27,2022-03-17T12:46:39+02:00,2025-11-01T07:38:45+02:00
Полтавський_район,Полтавський район,air_raid,1263,119325.13,1988.752,94.48,45.85,1000.75,2025-08-01T23:25:54+03:00,2026-06-20T05:48:58+03:00
Преображенська_територіальна_громада,Преображенська територіальна громада,artillery_shelling,5,323.73,5.396,64.75,61.67,131.35,2022-06-04T01:23:18+03:00,2022-07-02T00:57:39+03:00
Прибужанівська_територіальна_громада,Прибужанівська територіальна громада,air_raid,1,132.27,2.205,132.27,132.27,132.27,2022-05-04T19:53:44+03:00,2022-05-04T22:06:00+03:00
Прибузька_територіальна_громада,Прибузька територіальна громада,air_raid,1,132.97,2.216,132.97,132.97,132.97,2022-05-04T19:52:38+03:00,2022-05-04T22:05:36+03:00
Привільненська_територіальна_громада,Привільненська територіальна громада,air_raid,1,129.3,2.155,129.3,129.3,129.3,2022-05-04T19:55:49+03:00,2022-05-04T22:05:07+03:00
Прилуцький_район,Прилуцький район,air_raid,859,90086.23,1501.437,104.87,52.28,940.45,2022-03-15T18:54:58+02:00,2026-06-19T23:20:21+03:00
Пісочинська_територіальна_громада,Пісочинська територіальна громада,artillery_shelling,1,8.28,0.138,8.28,8.28,8.28,2022-07-27T13:34:08+03:00,2022-07-27T13:42:25+03:00
Радомишльська_територіальна_громада,Радомишльська територіальна громада,air_raid,1,149.72,2.495,149.72,149.72,149.72,2022-03-18T16:08:24+02:00,2022-03-18T18:38:07+02:00
Рахівський_район,Рахівський район,air_raid,78,3888.82,64.814,49.86,33.13,365.3,2025-11-06T16:43:56+02:00,2026-06-11T23:44:12+03:00
Роздільнянський_район,Роздільнянський район,air_raid,439,27783.81,463.064,63.29,33.13,646.62,2022-03-16T11:42:39+02:00,2026-06-19T23:59:06+03:00
Роменський_район,Роменський район,air_raid,1086,123128.96,2052.149,113.38,52.55,1276.88,2025-08-06T13:09:04+03:00,2026-06-20T12:57:25+03:00
Рівненська_область,Рівненська область,air_raid,888,63013.61,1050.227,70.96,47.7,489.95,2022-03-15T18:18:35+02:00,2025-10-27T18:52:30+02:00
Рівненський_район,Рівненський район,air_raid,150,11950.54,199.176,79.67,48.56,491.57,2025-08-21T00:49:53+03:00,2026-06-18T02:35:04+03:00
Самбірський_район,Самбірський район,air_raid,78,4420.7,73.678,56.68,36.54,366.12,2025-09-03T03:47:15+03:00,2026-06-11T23:43:34+03:00
Сарненський_район,Сарненський район,air_raid,176,16576.7,276.278,94.19,65.59,491.47,2022-03-16T19:41:25+02:00,2026-06-18T02:35:04+03:00
Святогірська_територіальна_громада,Святогірська територіальна громада,air_raid,10,370.94,6.182,37.09,39.19,79.68,2022-03-18T17:40:25+02:00,2022-05-24T18:40:18+03:00
Синельниківський_район,Синельниківський район,air_raid,1470,378540.96,6309.016,257.51,168.81,1439.38,2022-03-16T01:48:28+02:00,2026-06-20T13:43:56+03:00
Синюхинобрідська_територіальна_громада,Синюхинобрідська територіальна громада,air_raid,1,126.87,2.115,126.87,126.87,126.87,2022-05-04T19:56:16+03:00,2022-05-04T22:03:08+03:00
Скадовський_район,Скадовський район,air_raid,380,30473.2,507.887,80.19,34.58,864.23,2025-10-14T11:32:50+03:00,2026-06-19T23:26:29+03:00
Сквирська_територіальна_громада,Сквирська територіальна громада,air_raid,2,116.55,1.942,58.27,58.27,77.97,2022-03-15T18:17:20+02:00,2022-03-22T14:35:48+02:00
Смілянська_територіальна_громада,Смілянська територіальна громада,air_raid,2,71.17,1.186,35.58,35.58,37.55,2022-03-16T12:11:49+02:00,2022-03-18T18:28:18+02:00
Соледарська_територіальна_громада,Соледарська територіальна громада,air_raid,1,95.52,1.592,95.52,95.52,95.52,2022-04-27T08:55:09+03:00,2022-04-27T10:30:40+03:00
Софіївська_територіальна_громада,Софіївська територіальна громада,air_raid,1,129.1,2.152,129.1,129.1,129.1,2022-05-04T19:55:57+03:00,2022-05-04T22:05:03+03:00
Степівська_територіальна_громада,Степівська територіальна громада,air_raid,1,126.98,2.116,126.98,126.98,126.98,2022-05-04T19:54:58+03:00,2022-05-04T22:01:57+03:00
Стрийський_район,Стрийський район,air_raid,83,4619.66,76.994,55.66,36.3,366.12,2025-09-03T04:42:34+03:00,2026-06-11T23:43:34+03:00
Сумська_область,Сумська область,air_raid,4066,475343.02,7922.384,116.91,52.13,1389.75,2022-03-17T10:23:26+02:00,2025-10-23T09:05:48+03:00
Сумський_район,Сумський район,air_raid,1759,280684.08,4678.068,159.57,89.1,1372.28,2022-03-16T21:15:23+02:00,2026-06-19T23:51:11+03:00
Сіверська_територіальна_громада,Сіверська територіальна громада,air_raid,1,6.97,0.116,6.97,6.97,6.97,2022-04-09T12:30:41+03:00,2022-04-09T12:37:39+03:00
Тернопільська_область,Тернопільська область,air_raid,836,58446.97,974.116,69.91,48.23,356.53,2022-03-15T18:22:29+02:00,2025-11-03T00:08:13+02:00
Тернопільський_район,Тернопільський район,air_raid,93,6216.36,103.606,66.84,40.9,366.45,2025-11-06T11:07:13+02:00,2026-06-18T02:35:56+03:00
Торецька_територіальна_громада,Торецька територіальна громада,air_raid,14,393.97,6.566,28.14,22.76,66.1,2022-03-15T19:18:14+02:00,2022-04-27T10:30:45+03:00
Тульчинський_район,Тульчинський район,air_raid,182,15329.22,255.487,84.23,37.27,514.55,2022-06-09T13:15:57+03:00,2026-06-18T02:38:29+03:00
Тячівський_район,Тячівський район,air_raid,78,3901.54,65.026,50.02,35.15,365.3,2025-11-06T16:43:16+02:00,2026-06-11T23:44:12+03:00
Ужгородський_район,Ужгородський район,air_raid,78,3895.18,64.92,49.94,34.42,365.3,2025-11-06T16:44:00+02:00,2026-06-11T23:44:12+03:00
Узинська_територіальна_громада,Узинська територіальна громада,air_raid,3,245.07,4.085,81.69,54.02,183.13,2022-03-18T18:39:38+02:00,2022-03-23T15:35:29+02:00
Українська_територіальна_громада,Українська територіальна громада,air_raid,1,78.98,1.316,78.98,78.98,78.98,2022-03-22T13:17:06+02:00,2022-03-22T14:36:05+02:00
Уманська_територіальна_громада,Уманська територіальна громада,air_raid,24,1339.86,22.331,55.83,43.83,228.43,2022-03-15T18:11:50+02:00,2022-04-26T20:51:25+03:00
Уманський_район,Уманський район,air_raid,607,57829.69,963.828,95.27,38.1,596.67,2022-03-18T08:11:20+02:00,2026-06-19T23:20:03+03:00
Фастівський_район,Фастівський район,air_raid,414,30536.08,508.935,73.76,30.56,732.32,2025-07-26T05:03:33+03:00,2026-06-18T05:42:52+03:00
Харківська_область,Харківська область,air_raid,6482,535579.47,8926.324,82.63,40.7,1361.33,2022-03-16T01:47:05+02:00,2025-10-19T11:13:00+03:00
Харківський_район,Харківський район,air_raid,2160,224000.63,3733.344,103.7,53.68,1432.68,2022-03-16T09:39:48+02:00,2026-06-20T12:57:05+03:00
Херсон,Херсон,air_raid,1,18.1,0.302,18.1,18.1,18.1,2022-04-15T00:25:12+03:00,2022-04-15T00:43:18+03:00
Херсонська_область,Херсонська область,air_raid,3569,226775.41,3779.59,63.54,36.37,884.95,2022-03-27T22:21:36+03:00,2025-11-04T14:20:32+02:00
Херсонський_район,Херсонський район,air_raid,802,64643.74,1077.396,80.6,43.27,720.8,2025-08-30T09:00:12+03:00,2026-06-19T23:26:29+03:00
Хмельницька_область,Хмельницька область,air_raid,1029,84862.05,1414.368,82.47,60.05,659.05,2022-03-16T01:57:21+02:00,2025-08-20T12:47:28+03:00
Хмельницький_район,Хмельницький район,air_raid,171,13205.3,220.088,77.22,41.8,432.62,2025-07-26T12:16:10+03:00,2026-06-18T02:35:32+03:00
Хмільницький_район,Хмільницький район,air_raid,191,15849.12,264.152,82.98,37.97,541.77,2022-06-09T13:17:53+03:00,2026-06-18T02:38:29+03:00
Хустський_район,Хустський район,air_raid,79,3929.92,65.499,49.75,33.17,365.3,2025-11-06T16:43:57+02:00,2026-06-11T23:44:12+03:00
Цебриківська_територіальна_громада,Цебриківська територіальна громада,air_raid,1,41.12,0.685,41.12,41.12,41.12,2022-10-24T03:48:41+03:00,2022-10-24T04:29:48+03:00
Циркунівська_територіальна_громада,Циркунівська територіальна громада,air_raid,1,71.58,1.193,71.58,71.58,71.58,2022-07-29T20:42:48+03:00,2022-07-29T21:54:23+03:00
Циркунівська_територіальна_громада,Циркунівська територіальна громада,artillery_shelling,3,363.06,6.051,121.02,74.0,267.43,2022-08-01T21:31:49+03:00,2022-10-07T18:42:36+03:00
Червоноградський_район,Червоноградський район,air_raid,84,4818.82,80.314,57.37,36.54,366.12,2025-09-03T04:42:55+03:00,2026-06-11T23:43:34+03:00
Червоногригорівська_територіальна_громада,Червоногригорівська територіальна громада,artillery_shelling,833,373916.45,6231.941,448.88,205.2,1437.35,2024-01-26T21:47:01+02:00,2026-03-03T17:55:47+02:00
Черкаська_область,Черкаська область,air_raid,2452,169319.19,2821.986,69.05,34.53,993.45,2022-03-16T02:50:06+02:00,2025-11-04T03:36:31+02:00
Черкаська_територіальна_громада,Черкаська територіальна громада,air_raid,1,15.42,0.257,15.42,15.42,15.42,2022-04-25T07:17:34+03:00,2022-04-25T07:32:59+03:00
Черкаський_район,Черкаський район,air_raid,810,94253.98,1570.9,116.36,48.78,691.35,2022-03-18T08:11:24+02:00,2026-06-20T10:22:12+03:00
Чернівецька_область,Чернівецька область,air_raid,745,52598.54,876.642,70.6,48.4,361.2,2022-03-17T04:19:43+02:00,2025-11-03T00:07:09+02:00
Чернівецький_район,Чернівецький район,air_raid,89,5594.49,93.242,62.86,36.98,365.37,2025-11-06T11:05:10+02:00,2026-06-15T03:53:22+03:00
Чернігівська_область,Чернігівська область,air_raid,2504,256208.66,4270.144,102.32,40.67,946.97,2022-03-15T18:30:17+02:00,2025-10-23T02:26:02+03:00
Чернігівська_область,Чернігівська область,artillery_shelling,1,10.68,0.178,10.68,10.68,10.68,2022-07-31T15:38:11+03:00,2022-07-31T15:48:52+03:00
Чернігівський_район,Чернігівський район,air_raid,1206,168600.65,2810.011,139.8,82.99,1274.62,2022-03-22T12:20:39+02:00,2026-06-20T11:58:14+03:00
Чортківський_район,Чортківський район,air_raid,95,6315.74,105.262,66.48,40.9,366.45,2025-11-06T11:07:13+02:00,2026-06-18T02:35:56+03:00
Чугуївський_район,Чугуївський район,air_raid,1771,193728.9,3228.815,109.39,55.97,1056.02,2022-03-21T12:22:36+02:00,2026-06-20T06:36:26+03:00
Шепетівський_район,Шепетівський район,air_raid,173,13078.96,217.983,75.6,41.82,395.8,2022-03-16T10:47:16+02:00,2026-06-18T02:35:36+03:00
Широківська_територіальна_громада,Широківська територіальна громада,air_raid,2,153.56,2.559,76.78,76.78,128.88,2022-03-17T21:38:27+02:00,2022-05-04T22:04:54+03:00
Шосткинський_район,Шосткинський район,air_raid,1443,224805.78,3746.763,155.79,93.07,1227.2,2022-03-29T22:14:53+03:00,2026-06-19T23:23:24+03:00
Яворівський_район,Яворівський район,air_raid,77,4517.99,75.3,58.68,37.28,366.12,2025-09-03T03:47:24+03:00,2026-06-11T23:43:34+03:00
м_Ізюм_та_Ізюмська_територіальна_громада,м. Ізюм та Ізюмська територіальна громада,air_raid,1,31.0,0.517,31.0,31.0,31.0,2022-04-27T07:30:53+03:00,2022-04-27T08:01:53+03:00
м_Баштанка_та_Баштанська_територіальна_громада,м. Баштанка та Баштанська територіальна громада,air_raid,4,330.34,5.506,82.58,83.86,131.6,2022-04-16T06:49:45+03:00,2022-05-04T22:05:32+03:00
м_Бориспіль_та_Бориспільська_територіальна_громада,м. Бориспіль та Бориспільська територіальна громада,air_raid,6,459.7,7.662,76.62,50.48,226.13,2022-03-16T19:19:16+02:00,2022-03-28T17:53:06+03:00
м_Бровари_та_Броварська_територіальна_громада,м. Бровари та Броварська територіальна громада,air_raid,6,452.62,7.544,75.44,50.14,226.17,2022-03-16T19:19:20+02:00,2022-03-28T17:52:48+03:00
м_Біла_Церква_та_Білоцерківська_територіальна_громада,м. Біла Церква та Білоцерківська територіальна громада,air_raid,20,1766.66,29.444,88.33,48.0,357.95,2022-03-15T18:26:26+02:00,2022-03-24T21:07:31+02:00
м_Васильків_та_Васильківська_територіальна_громада,м. Васильків та Васильківська територіальна громада,air_raid,23,2018.27,33.638,87.75,61.17,312.35,2022-03-15T18:26:42+02:00,2022-03-28T17:53:01+03:00
м_Ватутіне_та_Ватутінська_територіальна_громада,м. Ватутіне та Ватутінська територіальна громада,air_raid,4,545.14,9.086,136.28,90.92,330.12,2022-03-16T12:12:00+02:00,2022-03-26T16:31:02+02:00
м_Вознесенськ_та_Вознесенська_територіальна_громада,м. Вознесенськ та Вознесенська територіальна громада,air_raid,628,41049.74,684.162,65.37,42.78,400.63,2022-03-16T05:42:02+02:00,2023-05-07T01:09:55+03:00
м_Дніпро_та_Дніпровська_територіальна_громада,м. Дніпро та Дніпровська територіальна громада,air_raid,5,188.15,3.136,37.63,19.62,90.47,2022-03-16T13:37:15+02:00,2022-05-02T08:29:56+03:00
м_Житомир_та_Житомирська_територіальна_громада,м. Житомир та Житомирська територіальна громада,air_raid,1,7.12,0.119,7.12,7.12,7.12,2022-03-28T12:02:26+03:00,2022-03-28T12:09:33+03:00
м_Запоріжжя_та_Запорізька_територіальна_громада,м. Запоріжжя та Запорізька територіальна громада,air_raid,1887,230372.39,3839.54,122.08,55.92,1360.28,2022-03-16T13:40:24+02:00,2026-06-20T13:45:53+03:00
м_Київ,м. Київ,air_raid,2073,147124.32,2452.072,70.97,38.6,631.38,2022-03-15T18:19:20+02:00,2026-06-18T07:44:54+03:00
м_Конотоп_та_Конотопська_територіальна_громада,м. Конотоп та Конотопська територіальна громада,air_raid,2,56.17,0.936,28.09,28.09,29.22,2022-03-16T22:38:36+02:00,2022-04-13T15:22:26+03:00
м_Коростень_та_Коростенська_територіальна_громада,м. Коростень та Коростенська територіальна громада,air_raid,1,96.47,1.608,96.47,96.47,96.47,2022-03-18T20:26:23+02:00,2022-03-18T22:02:51+02:00
м_Краматорськ_та_Краматорська_територіальна_громада,м. Краматорськ та Краматорська територіальна громада,air_raid,16,1062.43,17.707,66.4,35.23,270.77,2022-03-19T21:23:34+02:00,2025-09-25T19:13:26+03:00
м_Кременчук_та_Кременчуцька_територіальна_громада,м. Кременчук та Кременчуцька територіальна громада,air_raid,16,827.89,13.798,51.74,33.83,271.65,2022-03-16T02:12:33+02:00,2023-03-22T04:33:10+02:00
м_Кривий_Ріг_та_Криворізька_територіальна_громада,м. Кривий Ріг та Криворізька територіальна громада,air_raid,454,23107.29,385.122,50.9,35.6,322.18,2022-03-15T21:23:43+02:00,2022-07-15T05:37:29+03:00
м_Лубни_та_Лубенська_територіальна_громада,м. Лубни та Лубенська територіальна громада,air_raid,19,1140.67,19.011,60.04,47.15,234.72,2022-03-16T01:38:25+02:00,2022-04-14T14:40:06+03:00
м_Марганець_та_Марганецька_територіальна_громада,м Марганець та Марганецька територіальна громада,artillery_shelling,1586,654129.43,10902.157,412.44,159.12,1435.85,2023-10-10T08:13:09+03:00,2026-06-19T08:25:40+03:00
м_Маріуполь_та_Маріупольська_територіальна_громада,м. Маріуполь та Маріупольська територіальна громада,air_raid,1,4.67,0.078,4.67,4.67,4.67,2022-03-21T20:07:41+02:00,2022-03-21T20:12:21+02:00
м_Мелітополь_та_Мелітопольська_територіальна_громада,м. Мелітополь та Мелітопольська територіальна громада,air_raid,2,62.49,1.042,31.25,31.25,43.67,2022-03-17T19:55:14+02:00,2022-03-17T22:04:31+02:00
м_Миколаїв_та_Миколаївська_територіальна_громада,м. Миколаїв та Миколаївська територіальна громада,air_raid,62,5812.13,96.869,93.74,61.38,505.62,2022-03-16T02:17:27+02:00,2022-10-19T23:11:55+03:00
м_Миколаїв_та_Миколаївська_територіальна_громада,м Миколаїв та Миколаївська територіальна громада,artillery_shelling,7,621.03,10.351,88.72,77.93,151.28,2022-05-30T12:39:43+03:00,2022-07-08T07:18:17+03:00
м_Миргород_та_Миргородська_територіальна_громада,м. Миргород та Миргородська територіальна громада,air_raid,8,363.58,6.06,45.45,48.69,91.4,2022-03-16T13:57:21+02:00,2023-11-03T18:12:03+02:00
м_НоваОдеса_та_Новоодеська_територіальна_громада,м. Нова-Одеса та Новоодеська територіальна громада,air_raid,1,127.92,2.132,127.92,127.92,127.92,2022-05-04T19:54:48+03:00,2022-05-04T22:02:43+03:00
м_Нікополь_та_Нікопольська_територіальна_громада,м. Нікополь та Нікопольська територіальна громада,air_raid,228,60051.83,1000.864,263.39,102.53,1404.82,2022-03-16T02:16:24+02:00,2026-06-20T13:31:05+03:00
м_Нікополь_та_Нікопольська_територіальна_громада,м Нікополь та Нікопольська територіальна громада,artillery_shelling,5803,1203711.37,20061.856,207.43,77.1,1432.03,2022-07-12T21:35:31+03:00,2026-06-20T13:30:34+03:00
м_Обухів_та_Обухівська_територіальна_громада,м. Обухів та Обухівська територіальна громада,air_raid,3,181.37,3.023,60.46,62.67,105.07,2022-03-22T12:50:57+02:00,2022-03-24T12:47:45+02:00
м_Охтирка_та_Охтирська_територіальна_громада,м. Охтирка та Охтирська територіальна громада,air_raid,2,106.54,1.776,53.27,53.27,74.97,2022-03-21T00:04:54+02:00,2022-03-25T12:37:02+02:00
м_Очаків_та_Очаківська_територіальна_громада,м. Очаків та Очаківська територіальна громада,air_raid,3,182.15,3.036,60.72,30.5,127.75,2022-03-23T02:45:35+02:00,2022-05-04T22:02:38+03:00
м_Павлоград_та_Павлоградська_територіальна_громада,м. Павлоград та Павлоградська територіальна громада,air_raid,1,15.25,0.254,15.25,15.25,15.25,2022-05-04T09:26:52+03:00,2022-05-04T09:42:07+03:00
м_Первомайськ_та_Первомайська_територіальна_громада,м. Первомайськ та Первомайська територіальна громада,air_raid,6,364.4,6.073,60.73,43.69,128.73,2022-03-15T18:14:46+02:00,2022-05-04T22:03:12+03:00
м_Переяслав_та_Переяславська_територіальна_громада,м. Переяслав та Переяславська територіальна громада,air_raid,1,79.0,1.317,79.0,79.0,79.0,2022-03-22T13:17:15+02:00,2022-03-22T14:36:15+02:00
м_Першотравенськ_та_Першотравенська_територіальна_громада,м. Першотравенськ та Першотравенська територіальна громада,air_raid,17,1269.59,21.16,74.68,57.88,241.48,2022-03-16T16:39:17+02:00,2022-05-25T13:45:32+03:00
м_Пирятин_та_Пирятинська_територіальна_громада,м. Пирятин та Пирятинська територіальна громада,air_raid,4,606.33,10.106,151.58,42.66,509.57,2022-03-15T18:46:55+02:00,2022-04-14T14:40:08+03:00
м_Покров_та_Покровська_територіальна_громада,м. Покров та Покровська територіальна громада,air_raid,1,20.9,0.348,20.9,20.9,20.9,2022-07-12T23:11:49+03:00,2022-07-12T23:32:43+03:00
м_Полтава_та_Полтавська_територіальна_громада,м. Полтава та Полтавська територіальна громада,air_raid,19,1202.16,20.036,63.27,39.3,203.68,2022-03-16T02:59:08+02:00,2022-04-27T04:23:25+03:00
м_Рівне_та_Рівненська_територіальна_громада,м. Рівне та Рівненська територіальна громада,air_raid,2,92.97,1.549,46.48,46.48,54.32,2022-03-20T14:05:20+02:00,2022-03-21T07:46:28+02:00
м_Сарни_та_Сарненська_територіальна_громада,м. Сарни та Сарненська територіальна громада,air_raid,1,38.6,0.643,38.6,38.6,38.6,2022-03-20T14:05:30+02:00,2022-03-20T14:44:06+02:00
м_Синельникове_та_Синельниківська_територіальна_громада,м. Синельникове та Синельниківська територіальна громада,air_raid,1,15.18,0.253,15.18,15.18,15.18,2022-05-04T09:26:41+03:00,2022-05-04T09:41:52+03:00
м_Славутич_та_Славутицька_територіальна_громада,м. Славутич та Славутицька територіальна громада,air_raid,1,43.78,0.73,43.78,43.78,43.78,2022-03-16T15:49:11+02:00,2022-03-16T16:32:58+02:00
м_Словянськ_та_Словянська_територіальна_громада,м. Слов'янськ та Слов'янська територіальна громада,air_raid,8,470.75,7.846,58.84,42.42,210.25,2022-03-18T17:40:33+02:00,2022-05-06T08:36:51+03:00
м_Снігурівка_та_Снігурівська_територіальна_громада,м. Снігурівка та Снігурівська територіальна громада,air_raid,1,129.08,2.151,129.08,129.08,129.08,2022-05-04T19:55:53+03:00,2022-05-04T22:04:58+03:00
м_Старокостянтинів_та_Старокостянтинівська_територіальна_громада,м. Старокостянтинів та Старокостянтинівська територіальна громада,air_raid,21,1172.92,19.549,55.85,49.18,133.17,2022-03-15T18:16:00+02:00,2022-10-12T19:18:30+03:00
м_Суми_та_Сумська_територіальна_громада,м. Суми та Сумська територіальна громада,air_raid,10,546.68,9.111,54.67,48.22,112.33,2022-03-15T20:17:40+02:00,2023-10-02T22:59:17+03:00
м_Фастів_та_Фастівська_територіальна_громада,м. Фастів та Фастівська територіальна громада,air_raid,5,408.52,6.809,81.7,59.97,183.87,2022-03-16T15:33:20+02:00,2022-03-23T15:35:18+02:00
м_Харків_та_Харківська_територіальна_громада,м. Харків та Харківська територіальна громада,air_raid,2878,268775.64,4479.594,93.39,44.44,998.8,2022-05-27T07:18:19+03:00,2026-06-20T12:57:35+03:00
м_Харків_та_Харківська_територіальна_громада,м Харків та Харківська територіальна громада,artillery_shelling,72,5132.11,85.535,71.28,47.53,438.23,2022-05-03T13:22:04+03:00,2022-10-18T10:13:25+03:00
м_Черкаси_та_Черкаська_територіальна_громада,м. Черкаси та Черкаська територіальна громада,air_raid,10,494.72,8.245,49.47,47.84,97.52,2022-03-16T13:35:15+02:00,2022-04-01T01:16:32+03:00
м_Чугуїв_та_Чугуївська_територіальна_громада,м. Чугуїв та Чугуївська територіальна громада,air_raid,1,19.85,0.331,19.85,19.85,19.85,2025-08-01T17:28:32+03:00,2025-08-01T17:48:23+03:00
м_Чугуїв_та_Чугуївська_територіальна_громада,м Чугуїв та Чугуївська територіальна громада,artillery_shelling,2,666.33,11.105,333.16,333.16,531.15,2022-07-27T13:42:01+03:00,2022-08-04T13:39:40+03:00
м_Шостка_та_Шосткинська_територіальна_громада,м. Шостка та Шосткинська територіальна громада,air_raid,2,317.53,5.292,158.76,158.76,306.15,2022-03-16T10:10:25+02:00,2022-03-17T08:53:57+02:00
м_Южноукраїнськ_та_Южноукраїнська_територіальна_громада,м. Южноукраїнськ та Южноукраїнська територіальна громада,air_raid,33,2586.08,43.101,78.37,56.53,371.83,2022-04-19T01:23:45+03:00,2023-02-18T09:54:30+02:00
